"","cond((Int))","disp((Int))","cond(DC)","cond(diversity)","cond(position)","cond(smooth)","cond(DC:diversity)","cond(DC:position)","cond(DC:smooth)","cond(diversity:position)","cond(diversity:smooth)","cond(position:smooth)","cond(DC:diversity:position)","cond(DC:diversity:smooth)","cond(DC:position:smooth)","cond(diversity:position:smooth)","cond(DC:diversity:position:smooth)","df","logLik","AICc","delta","weight"
"1",-1.53356569708611,"+",NA,NA,"+","+",NA,NA,NA,NA,NA,"+",NA,NA,NA,NA,NA,12,106489.256175106,-212954.434095885,0,0.387599267467953
"2",-1.52314396198734,"+","+",NA,"+","+",NA,NA,NA,NA,NA,"+",NA,NA,NA,NA,NA,13,106489.407947631,-212952.724575643,1.70952024264261,0.164878999543141
"3",-1.53006259792588,"+",NA,"+","+","+",NA,NA,NA,NA,NA,"+",NA,NA,NA,NA,NA,13,106489.273144021,-212952.454968423,1.97912746245856,0.144085699629413
"4",-1.53277856128172,"+","+",NA,"+","+",NA,"+",NA,NA,NA,"+",NA,NA,NA,NA,NA,14,106489.542838575,-212950.980281918,3.45381396677112,0.0689281740556737
"5",-1.51959638708402,"+","+","+","+","+",NA,NA,NA,NA,NA,"+",NA,NA,NA,NA,NA,14,106489.425237848,-212950.745080464,3.68901542120147,0.0612806590125971
"6",-1.53266227260408,"+",NA,"+","+","+",NA,NA,NA,"+",NA,"+",NA,NA,NA,NA,NA,14,106489.283031519,-212950.460667807,3.97342807869427,0.0531574333326381
"7",-1.52921344909381,"+","+","+","+","+",NA,"+",NA,NA,NA,"+",NA,NA,NA,NA,NA,15,106489.560382708,-212949.000283488,5.43381239697919,0.0256121229366429
"8",-1.52478538327317,"+","+","+","+","+","+",NA,NA,NA,NA,"+",NA,NA,NA,NA,NA,15,106489.461672329,-212948.80286273,5.63123315569828,0.023204713177646
"9",-1.52221319537566,"+","+","+","+","+",NA,NA,NA,"+",NA,"+",NA,NA,NA,NA,NA,15,106489.435329506,-212948.750177085,5.68391880064155,0.0226014166914615
"10",-1.53436064446571,"+","+","+","+","+","+","+",NA,NA,NA,"+",NA,NA,NA,NA,NA,16,106489.596337366,-212947.056094264,7.37800162105123,0.00968880581664324
"11",-1.53187354145976,"+","+","+","+","+",NA,"+",NA,"+",NA,"+",NA,NA,NA,NA,NA,16,106489.570719288,-212947.00485811,7.42923777541728,0.00944374957833385
"12",-1.52736773664289,"+","+","+","+","+","+",NA,NA,"+",NA,"+",NA,NA,NA,NA,NA,16,106489.471569149,-212946.80655783,7.62753805523971,0.00855232317553604
"13",-1.522628818381,"+","+",NA,"+","+",NA,NA,"+",NA,NA,"+",NA,NA,NA,NA,NA,17,106489.655994859,-212945.158298105,9.27579778013751,0.0037511899139193
"14",-1.53699855721618,"+","+","+","+","+","+","+",NA,"+",NA,"+",NA,NA,NA,NA,NA,17,106489.606535961,-212945.05938031,9.37471557484241,0.00357017353079506
"15",-1.52249260434825,"+",NA,"+","+","+",NA,NA,NA,NA,"+","+",NA,NA,NA,NA,NA,17,106489.327351885,-212944.501012157,9.93308372810134,0.00270048159614383
"16",-1.53243538585695,"+","+",NA,"+","+",NA,"+","+",NA,NA,"+",NA,NA,NA,NA,NA,18,106489.79701174,-212943.422207352,11.0118885328411,0.00157464165172597
"17",-1.51913541977832,"+","+","+","+","+",NA,NA,"+",NA,NA,"+",NA,NA,NA,NA,NA,18,106489.672882487,-212943.173948848,11.2601470371883,0.00139082691272932
"18",-1.53098635801801,"+","+","+","+","+","+","+",NA,"+",NA,"+","+",NA,NA,NA,NA,18,106489.659680401,-212943.147544675,11.28655121068,0.00137258577069308
"19",-1.51207757552823,"+","+","+","+","+",NA,NA,NA,NA,"+","+",NA,NA,NA,NA,NA,18,106489.478834878,-212942.78585363,11.6482422551198,0.00114551104224472
"20",-1.52515988596167,"+",NA,"+","+","+",NA,NA,NA,"+","+","+",NA,NA,NA,NA,NA,18,106489.337926343,-212942.504036559,11.930059326347,0.000994955095416896
"21",-1.52891959982506,"+","+","+","+","+",NA,"+","+",NA,NA,"+",NA,NA,NA,NA,NA,19,106489.814145134,-212941.437335494,12.9967603914265,0.000583676606447788
"22",-1.5243347265487,"+","+","+","+","+","+",NA,"+",NA,NA,"+",NA,NA,NA,NA,NA,19,106489.709380675,-212941.227806577,13.2062893086695,0.000525622153231872
"23",-1.52171181289864,"+","+","+","+","+",NA,NA,"+","+",NA,"+",NA,NA,NA,NA,NA,19,106489.682593115,-212941.174231456,13.2598644288664,0.000511728931739818
"24",-1.521695594662,"+","+","+","+","+",NA,"+",NA,NA,"+","+",NA,NA,NA,NA,NA,19,106489.613356704,-212941.035758633,13.3983372520888,0.000477497365694299
"25",-1.51727853065171,"+","+","+","+","+","+",NA,NA,NA,"+","+",NA,NA,NA,NA,NA,19,106489.515223501,-212940.839492228,13.5946036572568,0.000432864800601846
"26",-1.51476208990981,"+","+","+","+","+",NA,NA,NA,"+","+","+",NA,NA,NA,NA,NA,19,106489.489613474,-212940.788272174,13.6458237112092,0.000421919869571809
"27",-1.53407829184499,"+","+","+","+","+","+","+","+",NA,NA,"+",NA,NA,NA,NA,NA,20,106489.850157812,-212939.489207305,14.9448885800666,0.000220364496809347
"28",-1.53154146336044,"+","+","+","+","+",NA,"+","+","+",NA,"+",NA,NA,NA,NA,NA,20,106489.824108743,-212939.437109167,14.9969867187028,0.000214698326386369
"29",-1.52688147368813,"+","+","+","+","+","+",NA,"+","+",NA,"+",NA,NA,NA,NA,NA,20,106489.718943855,-212939.226779391,15.2073164944304,0.000193266298309399
"30",-1.52684645993134,"+","+","+","+","+","+","+",NA,NA,"+","+",NA,NA,NA,NA,NA,20,106489.64937525,-212939.087642182,15.3464537034451,0.000180278056508134
"31",-1.52442253184892,"+","+","+","+","+",NA,"+",NA,"+","+","+",NA,NA,NA,NA,NA,20,106489.624387662,-212939.037667006,15.3964288793504,0.000175829157819877
"32",-1.5199157890988,"+","+","+","+","+","+",NA,NA,"+","+","+",NA,NA,NA,NA,NA,20,106489.52580593,-212938.840503542,15.5935923435318,0.000159322603150757
"33",-1.53667768932279,"+","+","+","+","+","+","+","+","+",NA,"+",NA,NA,NA,NA,NA,21,106489.860023364,-212937.487769202,16.9463266833336,8.10092971254708e-05
"34",-1.52954986809959,"+","+","+","+","+","+","+",NA,"+","+","+",NA,NA,NA,NA,NA,21,106489.660259961,-212937.088242396,17.3458534890087,6.63404969585249e-05
"35",-1.53390591236094,"+","+",NA,"+","+",NA,"+","+",NA,NA,"+",NA,NA,"+",NA,NA,22,106490.036951942,-212935.819440721,18.6146551641286,3.51772542274438e-05
"36",-1.53066468192372,"+","+","+","+","+","+","+","+","+",NA,"+","+",NA,NA,NA,NA,22,106489.913434028,-212935.572404893,18.8616909921111,3.10898616172625e-05
"37",-1.51155430037364,"+","+","+","+","+",NA,NA,"+",NA,"+","+",NA,NA,NA,NA,NA,22,106489.727463952,-212935.20046474,19.2336311450636,2.58138636026596e-05
"38",-1.52354150086901,"+","+","+","+","+","+","+",NA,"+","+","+","+",NA,NA,NA,NA,22,106489.713510239,-212935.172557315,19.2615385702811,2.54561657787536e-05
"39",-1.53363199905342,"+",NA,"+","+","+",NA,NA,NA,"+","+","+",NA,NA,NA,"+",NA,22,106489.395769362,-212934.537075561,19.8970203237841,1.85267772997486e-05
"40",-1.53042041598153,"+","+","+","+","+",NA,"+","+",NA,NA,"+",NA,NA,"+",NA,NA,23,106490.053615318,-212933.829564639,20.6045312460919,1.30066614575832e-05
"41",-1.52134390853426,"+","+","+","+","+",NA,"+","+",NA,"+","+",NA,NA,NA,NA,NA,23,106489.868094513,-212933.458523031,20.9755728543969,1.08042636851079e-05
"42",-1.51675384006068,"+","+","+","+","+","+",NA,"+",NA,"+","+",NA,NA,NA,NA,NA,23,106489.764014846,-212933.250363696,21.1837321887724,9.73630005848531e-06
"43",-1.51419788586098,"+","+","+","+","+",NA,NA,"+","+","+","+",NA,NA,NA,NA,NA,23,106489.737862084,-212933.198058172,21.2360377133882,9.48496973339731e-06
"44",-1.52322229635683,"+","+","+","+","+",NA,NA,NA,"+","+","+",NA,NA,NA,"+",NA,23,106489.546842407,-212932.816018819,21.6180770665524,7.83568841330423e-06
"45",-1.53558348710474,"+","+","+","+","+","+","+","+",NA,NA,"+",NA,NA,"+",NA,NA,24,106490.089722367,-212931.877557941,22.556537944678,4.90109327090201e-06
"46",-1.53297766485603,"+","+","+","+","+",NA,"+","+","+",NA,"+",NA,NA,"+",NA,NA,24,106490.063238351,-212931.82458991,22.6095059748623,4.77299638982116e-06
"47",-1.52652311364607,"+","+","+","+","+","+","+","+",NA,"+","+",NA,NA,NA,NA,NA,24,106489.90427434,-212931.506661887,22.9274339978001,4.07149506638036e-06
"48",-1.52402459633868,"+","+","+","+","+",NA,"+","+","+","+","+",NA,NA,NA,NA,NA,24,106489.878742648,-212931.455598504,22.9784973811475,3.9688587247875e-06
"49",-1.51937076876754,"+","+","+","+","+","+",NA,"+","+","+","+",NA,NA,NA,NA,NA,24,106489.774262136,-212931.24663748,23.1874584052712,3.57511758474848e-06
"50",-1.53283173340889,"+","+","+","+","+",NA,"+",NA,"+","+","+",NA,NA,NA,"+",NA,24,106489.680992293,-212931.060097794,23.3739980911487,3.25674497780072e-06
"51",-1.52836972214277,"+","+","+","+","+","+",NA,NA,"+","+","+",NA,NA,NA,"+",NA,24,106489.582790166,-212930.863693539,23.5704023465514,2.95212749687447e-06
"52",-1.53813247557068,"+","+","+","+","+","+","+","+","+",NA,"+",NA,NA,"+",NA,NA,25,106490.099305043,-212929.871483765,24.5626121207024,1.79754385614696e-06
"53",-1.52918983283514,"+","+","+","+","+","+","+","+","+","+","+",NA,NA,NA,NA,NA,25,106489.914823465,-212929.502520609,24.9315752759867,1.49472109526313e-06
"54",-1.53793690914402,"+","+","+","+","+","+","+",NA,"+","+","+",NA,NA,NA,"+",NA,25,106489.716755155,-212929.106383989,25.3277118958358,1.22614036498639e-06
"55",-1.53209449586303,"+","+","+","+","+","+","+","+","+",NA,"+","+",NA,"+",NA,NA,26,106490.152811999,-212927.952238646,26.481857239356,6.88526583646095e-07
"56",-1.52319461405433,"+","+","+","+","+","+","+","+","+","+","+","+",NA,NA,NA,NA,26,106489.968006021,-212927.582626691,26.8514691942837,5.72348430936218e-07
"57",-1.53195542605396,"+","+","+","+","+","+","+",NA,"+","+","+","+",NA,NA,"+",NA,26,106489.769885208,-212927.186385066,27.2477108197345,4.69480675564538e-07
"58",-1.52276983618366,"+","+","+","+","+",NA,"+","+",NA,"+","+",NA,NA,"+",NA,NA,27,106490.10849451,-212925.836324367,28.5977715178742,2.39031845810585e-07
"59",-1.51147292023229,"+","+","+","+","+","+",NA,"+",NA,"+","+",NA,"+",NA,NA,NA,27,106489.805889709,-212925.231114765,29.2029811202956,1.76618490942751e-07
"60",-1.52268588377078,"+","+","+","+","+",NA,NA,"+","+","+","+",NA,NA,NA,"+",NA,27,106489.795932924,-212925.211201195,29.2228946904943,1.74868664363574e-07
"61",-1.52792041840018,"+","+","+","+","+","+","+","+",NA,"+","+",NA,NA,"+",NA,NA,28,106490.144514225,-212923.880063454,30.5540324310132,8.98791807689085e-08
"62",-1.52543747461072,"+","+","+","+","+",NA,"+","+","+","+","+",NA,NA,"+",NA,NA,28,106490.118798444,-212923.828631892,30.6054639933864,8.75973329207203e-08
"63",-1.52118929169746,"+","+","+","+","+","+","+","+",NA,"+","+",NA,"+",NA,NA,NA,28,106489.946315073,-212923.48366515,30.950430734898,7.37194874864035e-08
"64",-1.5324854933279,"+","+","+","+","+",NA,"+","+","+","+","+",NA,NA,NA,"+",NA,28,106489.93617896,-212923.463392923,30.9707029618439,7.29760326327019e-08
"65",-1.52780254246607,"+","+","+","+","+","+",NA,"+","+","+","+",NA,NA,NA,"+",NA,28,106489.831878765,-212923.254792533,31.179303352139,6.57481064886884e-08
"66",-1.51406665843205,"+","+","+","+","+","+",NA,"+","+","+","+",NA,"+",NA,NA,NA,28,106489.816173118,-212923.22338124,31.2107146455965,6.4723556624368e-08
"67",-1.53061528579044,"+","+","+","+","+","+","+","+","+","+","+",NA,NA,"+",NA,NA,29,106490.154765678,-212921.871244202,32.5628516836441,3.29192208069974e-08
"68",-1.53759131008426,"+","+","+","+","+","+","+","+","+","+","+",NA,NA,NA,"+",NA,29,106489.971946385,-212921.505605616,32.9284902690561,2.74190331713755e-08
"69",-1.52388147812678,"+","+","+","+","+","+","+","+","+","+","+",NA,"+",NA,NA,NA,29,106489.956866151,-212921.475445148,32.9586507369822,2.70086498515429e-08
"70",-1.52456215115184,"+","+","+","+","+","+","+","+","+","+","+","+",NA,"+",NA,NA,30,106490.208166048,-212919.9477002,34.4863956857007,1.25822199864082e-08
"71",-1.53160921223243,"+","+","+","+","+","+","+","+","+","+","+","+",NA,NA,"+",NA,30,106490.025131526,-212919.581631155,34.8524647299491,1.04777104140955e-08
"72",-1.51789104036878,"+","+","+","+","+","+","+","+","+","+","+","+","+",NA,NA,NA,30,106490.008727957,-212919.548824017,34.8852718682319,1.03072405464485e-08
"73",-1.52267816721097,"+","+","+","+","+","+","+","+",NA,"+","+",NA,"+","+",NA,NA,32,106490.186808325,-212915.841224413,38.5928714719194,1.6145347135531e-09
"74",-1.53399158890857,"+","+","+","+","+",NA,"+","+","+","+","+",NA,NA,"+","+",NA,32,106490.177043874,-212915.821695512,38.6124003732984,1.59884638754832e-09
"75",-1.52255307782147,"+","+","+","+","+","+",NA,"+","+","+","+",NA,"+",NA,"+",NA,32,106489.874241414,-212915.216090593,39.2180052924668,1.18113979688116e-09
"76",-1.53901727310811,"+","+","+","+","+","+","+","+","+","+","+",NA,NA,"+","+",NA,33,106490.212813672,-212913.859817965,40.5742779205029,5.99501733951127e-10
"77",-1.52526296049891,"+","+","+","+","+","+","+","+","+","+","+",NA,"+","+",NA,NA,33,106490.197057764,-212913.828306148,40.6057897370192,5.90130063098069e-10
"78",-1.53216975317774,"+","+","+","+","+","+","+","+","+","+","+",NA,"+",NA,"+",NA,33,106490.014326733,-212913.462844086,40.9712517992302,4.91573724552772e-10
"79",-1.53313201296162,"+","+","+","+","+","+","+","+","+","+","+","+",NA,"+","+",NA,34,106490.265970942,-212911.931689677,42.5024062085722,2.28613938486242e-10
"80",-1.51942192902232,"+","+","+","+","+","+","+","+","+","+","+","+","+","+",NA,NA,34,106490.249127224,-212911.898002242,42.5360936431971,2.2479547873874e-10
"81",-1.52641113049623,"+","+","+","+","+","+","+","+","+","+","+","+","+",NA,"+",NA,34,106490.066175515,-212911.532098824,42.9019970613881,1.87211556644413e-10
"82",-1.53380671765372,"+","+","+","+","+","+","+","+","+","+","+",NA,"+","+","+",NA,37,106490.25539694,-212905.801051326,48.6330445590138,1.06623148442987e-11
"83",-1.52782675738731,"+","+","+","+","+","+","+","+","+","+","+","+","+","+","+",NA,38,106490.307226417,-212903.866156949,50.5679389357974,4.05223410197983e-12
"84",-1.53399399321814,"+","+","+","+","+","+","+","+","+","+","+","+","+","+","+","+",42,106490.344168371,-212895.775524005,58.6585718798451,7.09309711014228e-14
"85",-1.94473474273284,"+",NA,NA,"+","+",NA,NA,NA,NA,NA,NA,NA,NA,NA,NA,NA,8,106075.503749919,-212134.971418655,819.462677230185,4.4088317362867e-179
"86",-1.93353210830709,"+","+",NA,"+","+",NA,NA,NA,NA,NA,NA,NA,NA,NA,NA,NA,9,106075.6621758,-212133.279238818,821.154857067595,1.89178309959481e-179
"87",-1.94087766613342,"+",NA,"+","+","+",NA,NA,NA,NA,NA,NA,NA,NA,NA,NA,NA,9,106075.522193353,-212132.999273924,821.434821960982,1.64466608629561e-179
"88",-1.94386909206226,"+","+",NA,"+","+",NA,"+",NA,NA,NA,NA,NA,NA,NA,NA,NA,10,106075.790889323,-212131.526626978,822.907468906895,7.87583331267493e-180
"89",-1.92964257790971,"+","+","+","+","+",NA,NA,NA,NA,NA,NA,NA,NA,NA,NA,NA,10,106075.680855056,-212131.306558444,823.127537441324,7.05519855925606e-180
"90",-1.94369490195542,"+",NA,"+","+","+",NA,NA,NA,"+",NA,NA,NA,NA,NA,NA,NA,10,106075.531836118,-212131.008520569,823.425575316069,6.07842606762543e-180
"91",-1.93996937073026,"+","+","+","+","+",NA,"+",NA,NA,NA,NA,NA,NA,NA,NA,NA,11,106075.809735868,-212129.553273139,824.880822745996,2.93621717306838e-180
"92",-1.93557780918851,"+","+","+","+","+","+",NA,NA,NA,NA,NA,NA,NA,NA,NA,NA,11,106075.723691495,-212129.381184393,825.052911492006,2.69413639003646e-180
"93",-1.9324742677753,"+","+","+","+","+",NA,NA,NA,"+",NA,NA,NA,NA,NA,NA,NA,11,106075.690630296,-212129.315061996,825.119033889467,2.60652132147614e-180
"94",-1.94588872195458,"+","+","+","+","+","+","+",NA,NA,NA,NA,NA,NA,NA,NA,NA,12,106075.852344639,-212127.626434952,826.8076609337,1.12041929209767e-180
"95",-1.94283076358061,"+","+","+","+","+",NA,"+",NA,"+",NA,NA,NA,NA,NA,NA,NA,12,106075.819658344,-212127.561062361,826.873033524142,1.08438899266948e-180
"96",-1.93839372553208,"+","+","+","+","+","+",NA,NA,"+",NA,NA,NA,NA,NA,NA,NA,12,106075.733374182,-212127.388494038,827.045601847349,9.94746375181454e-181
"97",-1.93061974066925,"+","+",NA,"+","+",NA,NA,"+",NA,NA,NA,NA,NA,NA,NA,NA,13,106075.950001583,-212125.808683547,828.625412338704,4.51503244859209e-181
"98",-1.94873833254654,"+","+","+","+","+","+","+",NA,"+",NA,NA,NA,NA,NA,NA,NA,13,106075.862213571,-212125.633107524,828.800988361501,4.13556667363455e-181
"99",-1.93024588330539,"+",NA,"+","+","+",NA,NA,NA,NA,"+",NA,NA,NA,NA,NA,NA,13,106075.592461399,-212125.09360318,829.340492705174,3.15778928826989e-181
"100",-1.94157958950675,"+","+",NA,"+","+",NA,"+","+",NA,NA,NA,NA,NA,NA,NA,NA,14,106076.071800566,-212124.038205899,830.395889985812,1.86297290940503e-181
"101",-1.92676836846579,"+","+","+","+","+",NA,NA,"+",NA,NA,NA,NA,NA,NA,NA,NA,14,106075.968401202,-212123.831407171,830.602688714163,1.67996705979104e-181
"102",-1.94181173615519,"+","+","+","+","+","+","+",NA,"+",NA,NA,"+",NA,NA,NA,NA,14,106075.92068796,-212123.735980688,830.698115197214,1.601692598943e-181
"103",-1.91904932092676,"+","+","+","+","+",NA,NA,NA,NA,"+",NA,NA,NA,NA,NA,NA,14,106075.750706743,-212123.396018254,831.038077631034,1.35131707440296e-181
"104",-1.93296476318758,"+",NA,"+","+","+",NA,NA,NA,"+","+",NA,NA,NA,NA,NA,NA,14,106075.600041553,-212123.094687874,831.33940801135,1.16231596626993e-181
"105",-1.93771841235204,"+","+","+","+","+",NA,"+","+",NA,NA,NA,NA,NA,NA,NA,NA,15,106076.090359219,-212122.060236511,832.373859374726,6.92940498433042e-182
"106",-1.93271055192001,"+","+","+","+","+","+",NA,"+",NA,NA,NA,NA,NA,NA,NA,NA,15,106076.011298252,-212121.902114576,832.531981308857,6.4026564950911e-182
"107",-1.92957023797318,"+","+","+","+","+",NA,NA,"+","+",NA,NA,NA,NA,NA,NA,NA,15,106075.977934361,-212121.835386793,832.598709091952,6.19256321134548e-182
"108",-1.92937724468433,"+","+","+","+","+",NA,"+",NA,NA,"+",NA,NA,NA,NA,NA,NA,15,106075.879179055,-212121.637876182,832.79621970281,5.61024160036729e-182
"109",-1.92497569205668,"+","+","+","+","+","+",NA,NA,NA,"+",NA,NA,NA,NA,NA,NA,15,106075.793528904,-212121.46657588,832.96752000571,5.14972663753452e-182
"110",-1.92178345482722,"+","+","+","+","+",NA,NA,NA,"+","+",NA,NA,NA,NA,NA,NA,15,106075.758404234,-212121.396326541,833.037769344432,4.97198404073686e-182
"111",-1.9436435063876,"+","+","+","+","+","+","+","+",NA,NA,NA,NA,NA,NA,NA,NA,16,106076.133049523,-212120.129518579,834.30457730667,2.63903938783186e-182
"112",-1.94054797516624,"+","+","+","+","+",NA,"+","+","+",NA,NA,NA,NA,NA,NA,NA,16,106076.100036215,-212120.063491962,834.370603922842,2.55333838772839e-182
"113",-1.93547929808247,"+","+","+","+","+","+",NA,"+","+",NA,NA,NA,NA,NA,NA,NA,16,106076.020660678,-212119.90474089,834.529354995582,2.35850074174397e-182
"114",-1.93529293144511,"+","+","+","+","+","+","+",NA,NA,"+",NA,NA,NA,NA,NA,NA,16,106075.921567188,-212119.706553909,834.727541976463,2.13599514424117e-182
"115",-1.93214133034983,"+","+","+","+","+",NA,"+",NA,"+","+",NA,NA,NA,NA,NA,NA,16,106075.887021632,-212119.637462797,834.79663308867,2.06346599686619e-182
"116",-1.92770969838497,"+","+","+","+","+","+",NA,NA,"+","+",NA,NA,NA,NA,NA,NA,16,106075.801160175,-212119.465739883,834.968356002617,1.8936868339758e-182
"117",-1.94645281668293,"+","+","+","+","+","+","+","+","+",NA,NA,NA,NA,NA,NA,NA,17,106076.14259127,-212118.131490928,836.302604957134,9.71806233606354e-183
"118",-1.93804282471445,"+","+","+","+","+","+","+",NA,"+","+",NA,NA,NA,NA,NA,NA,17,106075.929367762,-212117.705043912,836.729051972972,7.85195654813496e-183
"119",-1.93955704937898,"+","+","+","+","+","+","+","+","+",NA,NA,"+",NA,NA,NA,NA,18,106076.201108918,-212116.23040171,838.203694175172,3.756327087072e-183
"120",-1.91613171679854,"+","+","+","+","+",NA,NA,"+",NA,"+",NA,NA,NA,NA,NA,NA,18,106076.038926785,-212115.906037444,838.528058441443,3.19395355482214e-183
"121",-1.93118734246022,"+","+","+","+","+","+","+",NA,"+","+",NA,"+",NA,NA,NA,NA,18,106075.987588686,-212115.803361246,838.630734638922,3.03411993225827e-183
"122",-1.92707878371549,"+","+","+","+","+",NA,"+","+",NA,"+",NA,NA,NA,NA,NA,NA,19,106076.160487264,-212114.130019754,840.30407613123,1.31422963282249e-183
"123",-1.92207589109404,"+","+","+","+","+","+",NA,"+",NA,"+",NA,NA,NA,NA,NA,NA,19,106076.08189361,-212113.972832446,840.461263439618,1.21489421750028e-183
"124",-1.91883149163474,"+","+","+","+","+",NA,NA,"+","+","+",NA,NA,NA,NA,NA,NA,19,106076.046407748,-212113.901860723,840.532235162711,1.17253860675949e-183
"125",-1.93301861513786,"+","+","+","+","+","+","+","+",NA,"+",NA,NA,NA,NA,NA,NA,20,106076.203028947,-212112.194949576,842.239146309206,4.99431700700174e-184
"126",-1.92980754601705,"+","+","+","+","+",NA,"+","+","+","+",NA,NA,NA,NA,NA,NA,20,106076.1680985,-212112.125088682,842.309007203294,4.8228749860158e-184
"127",-1.92474304677104,"+","+","+","+","+","+",NA,"+","+","+",NA,NA,NA,NA,NA,NA,20,106076.089223317,-212111.967338316,842.466757569724,4.45708532202838e-184
"128",-1.93569190301281,"+","+","+","+","+","+","+","+","+","+",NA,NA,NA,NA,NA,NA,21,106076.210529856,-212110.188782187,844.245313698717,1.83164958365879e-184
"129",-1.92891069437493,"+","+","+","+","+","+","+","+","+","+",NA,"+",NA,NA,NA,NA,22,106076.268620137,-212108.282777111,846.151318774064,7.06250304753367e-185
"130",-1.91610987445732,"+","+","+","+","+","+",NA,"+",NA,"+",NA,NA,"+",NA,NA,NA,23,106076.125794945,-212105.973923894,848.460171991173,2.226371030711e-185
"131",-1.92693627158526,"+","+","+","+","+","+","+","+",NA,"+",NA,NA,"+",NA,NA,NA,24,106076.247048999,-212104.192211205,850.24188467997,9.13489474889578e-186
"132",-1.91875822596847,"+","+","+","+","+","+",NA,"+","+","+",NA,NA,"+",NA,NA,NA,24,106076.133127844,-212103.964368895,850.469726989948,8.15132518183906e-186
"133",-1.92967656497798,"+","+","+","+","+","+","+","+","+","+",NA,NA,"+",NA,NA,NA,25,106076.254536086,-212102.181945851,852.25215003427,3.34333559866604e-186
"134",-1.92208038380345,"+","+","+","+","+","+","+","+","+","+",NA,"+","+",NA,NA,NA,26,106076.31470738,-212100.27602941,854.158066475618,1.28918568897871e-186
"135",-1.11996047907351,"+",NA,NA,"+",NA,NA,NA,NA,NA,NA,NA,NA,NA,NA,NA,NA,4,105812.715817172,-211617.421621828,1337.01247405732,1.81891786342703e-291
"136",-1.10954689698036,"+","+",NA,"+",NA,NA,NA,NA,NA,NA,NA,NA,NA,NA,NA,NA,5,105812.841080289,-211615.667138043,1338.7669578419,7.56539790817422e-292
"137",-1.116569293901,"+",NA,"+","+",NA,NA,NA,NA,NA,NA,NA,NA,NA,NA,NA,NA,5,105812.728983983,-211615.442945432,1338.99115045278,6.7631491960728e-292
"138",-1.11927678355576,"+","+",NA,"+",NA,NA,"+",NA,NA,NA,NA,NA,NA,NA,NA,NA,6,105812.972490999,-211613.923945184,1340.51015070081,3.1644792717684e-292
"139",-1.1061398753805,"+","+","+","+",NA,NA,NA,NA,NA,NA,NA,NA,NA,NA,NA,NA,6,105812.854335467,-211613.68763412,1340.74646176549,2.81182287399351e-292
"140",-1.11916209272922,"+",NA,"+","+",NA,NA,NA,NA,"+",NA,NA,NA,NA,NA,NA,NA,6,105812.738391206,-211613.455745597,1340.97835028864,2.50399816661584e-292
"141",-1.11586399162238,"+","+","+","+",NA,NA,"+",NA,NA,NA,NA,NA,NA,NA,NA,NA,7,105812.985817229,-211611.943578345,1342.49051754019,1.1756310829417e-292
"142",-1.11220248723489,"+","+","+","+",NA,"+",NA,NA,NA,NA,NA,NA,NA,NA,NA,NA,7,105812.896160897,-211611.764265681,1342.66983020405,1.07481522528863e-292
"143",-1.10873812716246,"+","+","+","+",NA,NA,NA,NA,"+",NA,NA,NA,NA,NA,NA,NA,7,105812.863804345,-211611.699552577,1342.73454330824,1.0405945278983e-292
"144",-1.12193793269216,"+","+","+","+",NA,"+","+",NA,NA,NA,NA,NA,NA,NA,NA,NA,8,105813.027682045,-211610.019282907,1344.41481297833,4.49175039696283e-293
"145",-1.11847732136538,"+","+","+","+",NA,NA,"+",NA,"+",NA,NA,NA,NA,NA,NA,NA,8,105812.99537536,-211609.954669537,1344.47942634797,4.34895586122117e-293
"146",-1.11480783106497,"+","+","+","+",NA,"+",NA,NA,"+",NA,NA,NA,NA,NA,NA,NA,8,105812.90565529,-211609.775229398,1344.65886648695,3.97575916547514e-293
"147",-1.12456826680144,"+","+","+","+",NA,"+","+",NA,"+",NA,NA,NA,NA,NA,NA,NA,9,105813.037306932,-211608.029501081,1346.40459480396,1.66088660036032e-293
"148",-1.11772086208651,"+","+","+","+",NA,"+","+",NA,"+",NA,NA,"+",NA,NA,NA,NA,10,105813.103672675,-211606.152193683,1348.28190220214,6.49662590308045e-294
"149",-1.06897681094829,"+",NA,NA,NA,"+",NA,NA,NA,NA,NA,NA,NA,NA,NA,NA,NA,7,105683.504670199,-211352.981284286,1601.45281159904,0
"150",-1.05852319550921,"+","+",NA,NA,"+",NA,NA,NA,NA,NA,NA,NA,NA,NA,NA,NA,8,105683.63696363,-211351.237846077,1603.19624980795,0
"151",-1.06512842617977,"+",NA,"+",NA,"+",NA,NA,NA,NA,NA,NA,NA,NA,NA,NA,NA,8,105683.509384057,-211350.982686931,1603.4514089546,0
"152",-1.05480487211594,"+","+","+",NA,"+",NA,NA,NA,NA,NA,NA,NA,NA,NA,NA,NA,9,105683.641663488,-211349.238214194,1605.19588169095,0
"153",-1.06040240188535,"+","+","+",NA,"+","+",NA,NA,NA,NA,NA,NA,NA,NA,NA,NA,10,105683.680904749,-211347.30665783,1607.12743805497,0
"154",-1.05711875262422,"+","+",NA,NA,"+",NA,NA,"+",NA,NA,NA,NA,NA,NA,NA,NA,12,105683.878088479,-211343.677922631,1610.75617325434,0
"155",-1.05685250429961,"+",NA,"+",NA,"+",NA,NA,NA,NA,"+",NA,NA,NA,NA,NA,NA,12,105683.563886366,-211343.049518405,1611.38457747994,0
"156",-1.05336853889109,"+","+","+",NA,"+",NA,NA,"+",NA,NA,NA,NA,NA,NA,NA,NA,13,105683.882736546,-211341.674153473,1612.75994241273,0
"157",-1.04656933546288,"+","+","+",NA,"+",NA,NA,NA,NA,"+",NA,NA,NA,NA,NA,NA,13,105683.695848739,-211341.300377859,1613.13371802654,0
"158",-1.05901943338972,"+","+","+",NA,"+","+",NA,"+",NA,NA,NA,NA,NA,NA,NA,NA,14,105683.921670762,-211339.737946293,1614.6961495927,0
"159",-1.05228384519495,"+","+","+",NA,"+","+",NA,NA,NA,"+",NA,NA,NA,NA,NA,NA,14,105683.735155598,-211339.364915964,1615.06917992173,0
"160",-1.04521569334175,"+","+","+",NA,"+",NA,NA,"+",NA,"+",NA,NA,NA,NA,NA,NA,17,105683.937089864,-211333.720488116,1620.71360776923,0
"161",-1.05090955262646,"+","+","+",NA,"+","+",NA,"+",NA,"+",NA,NA,NA,NA,NA,NA,18,105683.976143294,-211331.780470462,1622.65362542286,0
"162",-1.04383752909745,"+","+","+",NA,"+","+",NA,"+",NA,"+",NA,NA,"+",NA,NA,NA,22,105684.027807567,-211323.801151972,1630.6329439136,0
"163",-0.430867580438504,"+",NA,NA,NA,NA,NA,NA,NA,NA,NA,NA,NA,NA,NA,NA,NA,3,105464.99751241,-210923.989018813,2030.44507707222,0
"164",-0.421004186553345,"+","+",NA,NA,NA,NA,NA,NA,NA,NA,NA,NA,NA,NA,NA,NA,4,105465.106200835,-210922.202389154,2032.23170673085,0
"165",-0.427196319372867,"+",NA,"+",NA,NA,NA,NA,NA,NA,NA,NA,NA,NA,NA,NA,NA,4,105465.002997622,-210921.995982729,2032.43811315624,0
"166",-0.417361761990632,"+","+","+",NA,NA,NA,NA,NA,NA,NA,NA,NA,NA,NA,NA,NA,5,105465.111645725,-210920.208268915,2034.22582696981,0
"167",-0.422820216042673,"+","+","+",NA,NA,"+",NA,NA,NA,NA,NA,NA,NA,NA,NA,NA,6,105465.1460061,-210918.270975386,2036.16312049932,0
